domain	count backlinks	anchors
rembrond52.ru		
magazinfin.ru		
ozhockey.ru	2	www.ozhockey.ru; Источник
yakuzaofficialstore.ru	2	Открыть; yakuzaofficialstore.ru
goji-berrys.ru	4	~img~; ~img~; ~img~; goji-berrys.ru
dorson.ru	1	~img~
krysha-resto.ru	3	krysha-resto.ru; http://krysha-resto.ru/; krysha-resto.ru
lussole-shop.ru	31	Интернет-магазин светильников Lussole; ; ; ; Лампы настольные недорого. Каталог на сайте; Предлагаем купить люстры и торшеры. Каталог на сайте; Предлагаем купить дешевые настольные лампы в нашем интернет-магазине; Каталог Lussole; Люстры потолочные для кухни недорого. Покупайте у нас!; Предлагаем купить люстру недорого в нашем интернет-магазине; Предлагаем купить настенный светильник в нашем интернет-магазине; ; Настольные лампы для дома. Покупайте у нас&33;; У нас Вы сможете купить люстры подвесные и потолочные, подвесы и настольные лампы, споты. Продажа светильников известных производителей в и; Потолочные люстры для комнаты. Каталог на сайте; Продажа светильников известных производителей в интернет-магазине Lussole-Shop.Ru. У нас Вы сможете купить люстры и бра, торшеры и лампы, споты. На; Настольные лампы для дома. Каталог на сайте; ; Люстра потолочная дешево. Каталог на сайте; Lussole-Shop.Ru: светильники для подсветки зеркал. Каталог на сайте; ; http://lussole-shop.ru/; Интернет-магазин Lussole-Shop.Ru&58; люстры и настольные лампы. Заказывайте&33;; Lussole-Shop.Ru - интернет-магазин светильников в Москве. У нас Вы сможете купить люстры и бра, подвесы и настольные лампы, споты. Наши преимущества&; Lussole-Shop.Ru: Ð¿Ð¾Ð´Ð²ÐµÑÐ½ÑÐµ Ð»ÑÑÑÑÑ Ð´ÐµÑÐµÐ²Ð¾; Lussole-Shop.Ru: подвесные люстры дешево; ; Интернет-магазин Lussole-Shop.Ru: подвесные люстры для кухни. Заказывайте!; ; Каталог Lussole; 
maslodrom71.ru	1	Открыть
gora-ahun.ru	1	אתר אינטרנט
blagodarstvie.ru	1	Открыть
ai-sberg.ru	7	Айсберг; Aйсберг; Айсберг, рекламное агенство 248000, Калуга, ул. Суворова, 126, офис 311 +7 (4842) 202-4...; Рекламное агентство Айсберг Россия, Калуга, улица Суворова, 126, оф. 311 +7 (4842) 20-24-...; http://ai-sberg.ru/; Айсберг -Рекламное агентство ; http://ai-sberg.ru/
rdwc.ru	1	Visit Website
scooterholl.ru	11	Открыть; http://www.scooterholl.ru; www.scooterholl.ru; http://www.scooterholl.ru; j2 bedford; ~img~; http://www.scooterholl.ru; scooterholl.ru; http://www.scooterholl.ru/product_85.html; http://scooterholl.ru; http://www.scooterholl.ru
edisonloft.ru	1	http://edisonloft.ru/ и http://legins.ru/ 
pokypka-sveta.ru	12	pokypka-sveta.ru; ; ~img~; http://pokypka-sveta.ru; Открыть; Интернет магазин светильников 'Покупка Света'; pokypka-sveta.ru; Покупка Света; http://pokypka-sveta.ru/; Интернет магазин светильников 'Покупка Света '; pokypka-sveta.ru; pokypka-sveta.ru
prokostumchik.ru	6	ly4ike; Леди; ly4ike; Леди; Мисс; ~img~
room36.ru	13	http://room36.ru/; room36.ru; room36.ru; room36.ru; http://room36.ru; Официальный сайт: room36.ru; Доставка из Икеа Воронеж, ул. Донбасская, 2, оф. 102 +7 (473) 240-00-... http://room36.ru; Икеа Воронеж, ул. Донбасская, 2, оф. 102 +7 (952) 555-80-... http://room36.ru; http://www.room36.ru; Доставка из Икеа Воронеж, ул. Донбасская, 2, оф. 102 +7 (473) 240-00-... http://room36.ru; room36.ru; Доставка из Икеа Воронеж, ул. Донбасская, 2, оф. 102 +7 (473) 240-00-... http://room36.ru; Доставка из Икеа Воронеж, ул. Донбасская, 2, оф. 102 +7 (473) 240-00-... http://room36.ru
kitchenru.ru	19	http://kitchenru.ru; ~img~; http://kitchenru.ru; Открыть; https://kitchenru.ru/Work-labour-exchange-Kyshtym; https://kitchenru.ru; ~img~; http://kitchenru.ru; kitchenru.ru; https://kitchenru.ru/Sneki-dried-Mikhaylov; http://kitchenru.ru; https://kitchenru.ru/Shoes-for-kids-Wum; https://kitchenru.ru/Suspended-ceiling-Yakima; http://kitchenru.ru; https://kitchenru.ru/Wood-boards-wholesale-Uglich; https://kitchenru.ru/Suspended-ceiling-Chalons-en-Champagne; https://kitchenru.ru/Services-artist-Kribi; ~img~; kitchenru.ru
ledlampeco.ru		
tyuz-chr.ru	11	~img~; Чеченский государственный театр юного зрителя; http://tyuz-chr.ru/27572; tyuz-chr.ru; ~img~; http://tyuz-chr.ru; tyuz-chr.ru/; http://tyuz-chr.ru/; www.tyuz-chr.ru; План мероприятий по улучшению качества работы ; Результаты независимой оценки качество услуг Чеченского государственного театра юного зрителя за 2017 год.
ankudinovkann.ru		
mebelkidsmark.ru		
shop-don.ru	1	Открыть
adoredance.ru	6	~img~; adoredance.ru/; http://adoredance.ru/; http://adoredance.ru/; adoredance.ru; Наш сайт
smalllight.ru		
highcommunity.ru		
xn----7sbw8a.xn--p1ai	1	http://xn&8212;-7sbw8a.xn--p1ai/svadebnye-aksessuary
android-bira.ru	1	Открыть
ceilingideas.ru	5	http://www.ceilingideas.ru/; ~img~; ~img~; ~img~; ~img~
hitbody.ru	1	Открыть
santex-expo.ru		
market-guide.ru		
market-lestnic.ru	1	Маркет-лестниц Московская обл., Люберецкий р-н, Малаховка пгт +7 (499) 409-74-...
goldrooms.ru	2	Открыть; www.goldrooms.ru
9mbel.ru	5	Открыть; 9mbel.ru; http://9mbel.ru/?p=158; ~img~; http://9mbel.ru/
t-mall.store	3	http://t-mall.store/ru-express/ali/comprar/XINGMA-AK-308-Dynamic-Wireless-Microphone-Wired-And-Wireless-Microphone-With-Receiver-Professional-Handheld-Mic-For/1293876_32834129321.html; http://t-mall.store/ru-express/tovar/2PCS-OEM-Headlamp-wash-pump-connector-for-GOLF-JETTA-PASSAT-CC-EOC-TIGUAN-A4-A6-A8/32868192716.html; íàïðèìåð
kdjoy.ru	3	https://kdjoy.ru/; kdjoy.ru; http://kdjoy.ru/
vkaddict.ru	1	Открыть
bounty-shop.ru	1	Открыть
225000.ru	3	225000.ru; http://225000.ru/; Сайт
urbafit.ru	1	Открыть
internat-10.ru	8	ПЕРЕЙТИ НА САЙТ; ~img~; internat-10.ru; http://internat-10.ru; СКАЧАТЬ ОРИГИНАЛ ДОКУМЕНТА .pdf; http://internat-10.ru; ГБОУ РО Азовская школа-интернат 346780, Ростовская обл., Азов г., ул. Васильева, 92 +7 (863) 4; http://internat-10.ru/
buzzdigest.ru	1	buzzdigest.ru
inkagma.ru	3	Source; Image credit; ~img~
liga-extrem.ru		
elekplus.ru	2	elekplus.ru; Открыть
avtoportnoi.ru	1	Открыть
umnaya-ulitka.ru	2	umnaya-ulitka.ru; umnaya-ulitka.ru
nomerok24.ru	2	nomerok24.ru; http://nomerok24.ru/
mgk-hookah.ru	8	http://mgk-hookah.ru; mgk-hookah.ru; http://mgk-hookah.ru; mgk-hookah.ru; http://mgk-hookah.ru/; mgk-hookah.ru; ~img~; www.mgk-hookah.ru
svetohaus.ru	12	; Бра настенный Eurosvet. Дарим бонусы и скидки!; Люстры Eurosvet. Каталог на Svetohaus.ru; Люстры Eurosvet. Каталог на Svetohaus.ru; ~img~; Открыть; Подвесной светильник Eurosvet. Большой выбор товаров.; http://www.svetohaus.ru; Интернет-магазин люстр и светильников. Каталог на Svetohaus.ru; Купить настольную лампу в спальню в Москве в магазине СветоХаус.; svetohaus.ru; ~img~
primly.ru	7	~img~; primly.ru; https://primly.ru/shop/1594-zolotoe-kolco-chopard-s-brilliantom; https://primly.ru/catalog/art/fotografii-printi?creator=fyodor-savincev; Пеечке; https://primly.ru/catalog/art/fotografii-printi?creator=fyodor-savincev; https://primly.ru/catalog/art/fotografii-printi?creator=fyodor-savincev
podugaschool.ru	4	МБОУ 'Подюжская СШ имени В.А.Абрамова'; http://podugaschool.ru/index.php/deyatelnost/shkola-segodnya/meropriyati-dlya-shkolnikov/vserossijskaya-olimpiada-shkolnikov?highlight=YToxOntpOjA7czoxODoi0L7Qu9C40LzQv9C40LDQtNCwIjt9; http://www.podugaschool.ru; http://podugaschool.ru/index.php/deyatelnost/shkola-segodnya/meropriyati-dlya-shkolnikov/vserossijskaya-olimpiada-shkolnikov?highlight=YToxOntpOjA7czoxODoi0L7Qu9C40LzQv9C40LDQtNCwIjt9
shoptanko.ru		
mobi-centre.ru	3	Открыть; mobi-centre.ru/forum/user/4843/; mobi-centre.ru
santvil.ru	2	http://santvil.ru/mebel-dlja-vannoj-komnaty; Открыть
nivaurban.ru	6	www.nivaurban.ru; официальную страницу; www.nivaurban.ru; ~img~; ~img~; Ниву Урбан
udachablizko.ru	2	http://www.udachablizko.ru/; Открыть
rsawdownsyfuf.info		
kuznecoff.moscow	8	Художественная ковка; ковка; кованая мебель; кованые изделия; kuznecoff.moscow; kuznecoff.moscow; кованые ворота; кованые заборы
anonymous-barber.ru	8	http://anonymous-barber.ru; Веб-сайт компании; http://anonymous-barber.ru; Забронировать; anonymous-barber.ru; http://anonymous-barber.ru; anonymous-barber.ru; anonymous-barber.ru
iphone-samsung-restore.ru	1	IMAGE SOURCE
theasiaclass.ru		
rex-interactive.ru		
kovka-venera.ru	2	Открыть; kovka-venera.ru
nurprodukt.ru	1	Открыть
infobie.ru		
yaspets.ru	2	yaspets.ru; Открыть
onlyguitarsamples.ru		
2madness.ru	7	Открыть; 2madness.ru; А вот и ссылка для экспериментов. Если еще не работает, то скоро будет; Посмотреть на работающий пример!; не самый худший результат; скачать игру; скачать прямо сейчас
greencases.ru	7	Green Cases; Открыть; GREEN CASES - ??????? ????? ??????????? ??? ??????? ?????????; ~img~; GREEN CASES - продажа оптом аксессуаров для сотовых телефонов; http://greencases.ru; Green Cases
yugkomplekt-m.ru	1	Открыть
lampart.ru	10348	Lampart Россия, Москва, Нагатинская улица, 1с2 +7 (495) 150-33-... http://lampart.ru; lampart.ru; https://lampart.ru; lampart.ru; https://lampart.ru/catalog/komplektyushie/; ЛампАрт; https://lampart.ru/catalog/ulichnye_svetilniki/nazemnyy_nizkiy_svetilnik_arte_genova_a1204fn_1bs/; https://lampart.ru/catalog/ulichnye_svetilniki/ulichnyy_svetilnik_feron_11321/; http://lampart.ru; lampart.ru; Лампарт; lampart.ru; lampart.ru; http://lampart.ru/; https://lampart.ru/; Лампарт; http://lampart.ru; lampart.ru; ~img~; https://lampart.ru/; http://www.lampart.ru/; акции; сайте; http://lampart.ru; ~img~; http://lampart.ru/; http://lampart.ru/about/contacts/; lampart; Веб-сайт компании; lampart.ru; http://www.lampart.ru/; lampart.ru; http://www.lampart.ru/; https://lampart.ru/catalog/komplektyushie/; lampart.ru 2558 9438 23.33 11996 6.42035 Уже использует трафиковые сслыки 14; lampart.ru 913 1515 37.31 2428 0.98004 Уже использует трафиковые сслыки 2; https://lampart.ru/catalog/svetilniki/p … colt_2306/; www.lampart.ru; Открыть; lampart.ru; lampart.ru; lampart.ru; ~img~; lampart.ru; lampart; lampart; https://lampart.ru/; https://lampart.ru/catalog/lyustry/; https://lampart.ru/catalog/alyuminievye_&hellip;_ll_2_alp001_r/; https://lampart.ru/catalog/alyuminievye_&hellip;ufe_a02_silver/; lampart; lampart; lampart; https://lampart.ru/; lampart.ru; lampart.ru; Вот; Lampart.ru; lampart; lampart.ru; https://lampart.ru/catalog/komplektyushie/; lampart; lampart.ru; https://lampart.ru/c...rainer_1788_2p/; lampart.ru; lampart.ru; lampart.ru; lampart.ru; lampart.ru; https://lampart.ru/; Интернет магазин Lampart; Перейти на сайт; here; «Доставка»; Абажур Bohemia Ivele Crystal SH21-160; Абажур Gilden Nola HQ/CY40 EBONY; Абажур Gilden Nola HQ/CY46-7451; Абажур Gilden Nola HQ/DR15 CREAMPR8; Абажур Gilden Nola HQ/TD30-3404; Абажур Gilden Nola HQ/TD46-3404; Абажур Gilden Nola Lampshades - HQ HQ/CY35 EBONY; Абажур MW-LIGHT LSH2008; Абажур MW-LIGHT LSH2009; Абажур MW-LIGHT LSH2010; Абажур MW-LIGHT LSH2011; Абажур MW-LIGHT LSH2019; Абажур MW-LIGHT LSH2020; Абажур MW-LIGHT LSH2021; Абажур MW-LIGHT LSH2022; Абажур MW-LIGHT LSH2023; Абажур MW-LIGHT LSH2024; Абажур MW-LIGHT LSH2025; Абажур MW-LIGHT LSH2026; Абажур MW-LIGHT LSH2027; Абажур MW-LIGHT LSH2028; Абажур MW-LIGHT LSH2029; Абажур SLV Fenda 155582; Абажур SLV Fenda 155592; Акустическая розетка перламутровый рифленый Werkel WL13-AUDIOx4 4690389124273; Акустическая розетка х4 белая Werkel WL01-AUDIOx4 4690389059155
pinterest.es	56441	pinterest.es; PINTEREST - 223 BEST Entertainment Brand & Packaging Design; Pinterest; Pinterest →; SKETHES →; pinterest; こちら; サイト; 溶け顔メイク; Aquí; Bring Me en Español; Mundial 2018; Para eliminar los puntos negros; Para exfoliar; Pinterest; aquí; de cara derretida; here; melted face; pinterest.es; tablero de Pinterest; tablero de Pinterest.; ~img~; Agora.; https://www.pinterest.es/arodrigueznavas/; https://www.pinterest.es/storifynews/tv-series-and-entertainment-news-2019-storify-news/; ~img~; judging by Pinterest; Pinterest; ~img~; pinterest.es; wakeboarding dogs; Christmas wallpapers; Pinterest; four pins; two videos; ~img~; Pinterest; enlace; Pinterest; ~img~; “Hoy, en cuarto milenio: el increíble caso del futbolista al que enfocó la cámara y no estaba escupiendo”.; Las búsquedas del término “amarillo mostaza”; Pinterest; app; aquella maravillosa portada”.; búsquedas de arte textil; búsquedas de ideas para utilizar el papel pintado; jardines verticales; las búsquedas de ideas para conseguirlo; las búsquedas de ideas sobre chimeneas; le puse el tinte a Elsa Pataky.; mostrar sus colecciones de cactus de forma más creativa; sillas equipales,; unas fotografías; www.pinterest.es; tiktok takipçi satın al ucuz; PINTEREST; ~img~; uses Pinterest hashtags; pinterest; Pinterest; ~img~; ~img~; evil eye nail design; evil eye symbol; ~img~; Pinterest; https://www.pinterest.es/pin/343258802834457871/; Delfée; Laverne Cox; Vanessa Coussy; Pinterest; www.pinterest.es/lune__/; www.pinterest.es/oilniron; www.pinterest.es/yolandago_pin; ~img~; Cowboy; Mango Cowboy; https://www.pinterest.es/octonoveagency; https://www.pinterest.es/pin/712624341033391213/; Pinterest; aquí.; Travel Inspiration; oración a San Antonio para encontrar el amor; ~img~; Pinterest; Pinterest board; ~img~; ~img~; Pinterest; esa gran paradoja; nos dej&oacute; el Gif; un maravilloso torrente de fan-art; ~img~; Pinterest.es; ~img~; Pinterest; ~img~; Pinterest
xn---35-5cdgjpabb7a3agk1d5o.xn--p1ai	3	галерея-мебели35.рф; галерея-мебели35.рф; http://галерея-мебели35.рф/
999.md	11748	Privacy Policy; Visit website; 999.md; 999.md/2228494; 999.md/6994482; Contact page; ~img~; www.999.md; Josephfib; https://999.md/ro/65840331; https://999.md/add?category=furnitur...offer_type=776; „Antene și receivere pentru televiziunea digitală prin eter gratis în mun. Chișinău”; 999.md; drive.md; imobil.md; http://www.999.md; http://999.md/Board/Message.aspx?MsgID=4406688; http://999.md/Board/Message.aspx?MsgID=8241719&query=tasco; http://999.md/Board/Message.aspx?MsgID=8273018; https://999.md/16425786; https://999.md/ru/19962903; https://999.md/ru/22831715; https://999.md/ru/37484090; https://999.md/ru/38667948; https://999.md/ru/45377756; https://999.md/ru/67875208; https://999.md/ru/69990851; https://999.md/ru/69990851 /QUOTE; https://999.md/ru/list/tourism...0=18960&ef=2238; сюда; http://999.md/Images/Images/Original/35 ... e12ab0.jpg; http://999.md/Images/Images/Original/66d1164c-b84e-4a39-aef4-f023a3067a5a.jpg; http://999.md/message.asp?s=349&m=32336 ... a=30&lng=1; http://999.md/Board/All.aspx?catId=1364; www.999.md; 999.md; https://999.md/17976782; https://999.md/48829244/edit; https://999.md/cabinet/items/azeneg&lt;br&gt;https://999.md/ru/52492024; https://999.md/ro/profile/click999; https://999.md/ru/18846419; https://999.md/ru/25796209; https://999.md/ru/28836254; https://999.md/ru/38718496; https://999.md/ru/40456243; https://999.md/ru/41907421; https://999.md/ru/42128017; https://999.md/ru/43104797; https://999.md/ru/44227870; https://999.md/ru/46109561; https://999.md/ru/51777124; https://999.md/ru/53002654; play.md; 999.md; http://999.md/Board/Message.aspx?MsgID=9117385; молдавском сайте; ; /add; /api; /blog/; /booster/link?token=eyJ0eXAiOiJKV1QiLCJhbGciOiJIUzI1NiJ9.eyJ...; /info/about; /info/apps; /info/help; /info/payment; /info/privacy-policy; /info/promo; /info/recommendations; /info/rules; /mobile/enable; /recommendations/link?token=eyJhbGciOiJIUzI1NiIsInR5cCI6IkpX...; /ru/; /ru/category/agriculture; /ru/category/all-else; /ru/category/all-for-celebrations; /ru/category/all-for-home-and-office; /ru/category/animals-and-plants; /ru/category/audio-video-photo; /ru/category/business; /ru/category/children-world; /ru/category/clothes-and-shoes; /ru/category/computers-and-office-equipment; /ru/category/construction-and-repair; /ru/category/dating-and-greetings; /ru/category/furniture-and-interior; /ru/category/household-appliances; /ru/category/musical-instruments; /ru/category/phone-and-communication; /ru/category/real-estate; /ru/category/services; /ru/category/sports-health-and-beauty; /ru/category/tourism-leisure-and-entertainment; /ru/category/transport; /ru/category/work; 999.md; 999.md/; 999.md/14430682; 999.md/17508499; 999.md/blog/3476111; 999.md/info/payment
medoslov.ru	18	https://medoslov.ru/Construction-crew-Iloilo; https://medoslov.ru/Hotel-services-Waidhofen-an-der-Ybbs; https://medoslov.ru/Sell-video-surveillance-systems-Bopolu; https://medoslov.ru/Sell-metal-Jerusalem; https://medoslov.ru/English-language-tutor-Sucre; http://medoslov.ru; http://medoslov.ru; medoslov.ru; https://medoslov.ru/Fungal-disease-Aldan; https://medoslov.ru/Sell-laminate-Viljandi; https://medoslov.ru/Stock-market-Buzuluk; http://medoslov.ru; http://medoslov.ru; http://medoslov.ru; https://medoslov.ru/Recreation-center-Bubanza; https://medoslov.ru/Fungal-disease-Perchtoldsdorf; http://medoslov.ru; ~img~
fitilec.ru		
diosrussia.ru	3	diosrussia.ru; Открыть; diosrussia.ru
vpkbr.ru		
chebarkul-tv.ru	3	~img~; ~img~; ~img~
altaydiscovery.ru	5	инвестиционными предложениями; https://altaydiscovery.ru; https://altaydiscovery.ru/programmy/uikend-investitsionnyj; https://altaydiscovery.ru/stati-2/52-altaj-proshloe-nastoyashchee-budushchee; http://altaydiscovery.ru/
howelektrik.com	9	howelektrik.com; https://howelektrik.com/elektrooborudovanie/instrumenty/izmerenie/multimetr/instrukciya-kak-proverit-kondensator-multimetrom.html; https://howelektrik.com/osveshhenie/svetilniki/tochechnye/tochechnye-svetilniki-dlya-gipsokartonnyx-potolkov-obzor-xarakteristik-raznyx-vidov.html; https://howelektrik.com/elektrooborudovanie/datchiki/datchik-dvizheniya-dlya-vklyucheniya-sveta-sovety-kak-vybrat.html; https://howelektrik.com/elektrooborudovanie/provodka/kabeli-i-provoda/chto-takoe-gofra-dlya-kabelya-i-provodov-i-kak-vybrat.html; https://howelektrik.com/elektrooborudovanie/zashhita/stabilizatory-napryazheniya/kak-vybrat-stabilizator-napryazheniya-dlya-xolodilnika.html; https://howelektrik.com/osveshhenie/lampy/galogenovye/obzor-kakie-byvayut-galogenovye-lampy-dlya-avto.html; ~img~; https://howelektrik.com/elektrooborudovanie/zashhita/uzo-i-difavtomaty/kakie-byvayut-tipy-uzo.html
brassvet.ru	3	Заявка; Открыть; ~img~
stoklustr.ru	1	Открыть
taiwan-shop.ru		
poztex.ru		
ataka-gps.ru	2	http://ataka-gps.ru/products/garmin-striker-plus-4-77-200khz-ekholot-navigator; http://ataka-gps.ru/products/garmin-striker-plus-4cv-s-cv20-tm-clearvu-ekholot-trekplotter
chou-pozhaudit.ru		
5baz.ru		
kupisvet.online	7	kupisvet.online; ~img~; https://www.kupisvet.online/; https://www.kupisvet.online; ссылка на страницу с адресами; https://www.kupisvet.online/; kupisvet.online
gt-a.ru	1	~img~
abskshop.ru	9	www.abskshop.ru; https://abskshop.ru; www.abskshop.ru; abskshop.ru/catalog/teploizolyatsiya/; abskshop.ru/catalog/teploizolyatsiya/; abskshop.ru; https://abskshop.ru; abskshop.ru/catalog/gidroizolyatsiya/; http://abskshop.ru
tesli.com	3490	https://www.tesli.com/hr; Leiden by Tesli; tesli.com; www.tesli.com; Контакты; Официальный сайт; www.tesli.com; Главный распределительный щит (ГРЩ); www.tesli.com; tesli.com; http://www.tesli.com; www.tesli.com; http://www.tesli.com; http://www.tesli.com; удалили; deleted; ~img~; http://www.tesli.com; www.tesli.com; Reservtoitega elektrikilbid (vene keeles); www.tesli.com; Перейти на сайт; Электрика, электрооборудование, электромонтаж. Автоматизация зданий, умный дом.; ; /auth/?isAjax=Y&backurl=%2F; /bitrix/rk.php?id=117&site_id=s1&event1=banner&event2=click&...; /blog/; /blog/vse-stati/chem-korotkoe-zamykanie-otlichaetsya-ot-pere...; /blog/vse-stati/dlya-chego-nuzhny-kabelnye-mufty/; /blog/vse-stati/kak-vybrat-svetodiodnuyu-lentu/; /blog/vse-stati/stefan-ellinek-odin-iz-osnovopolozhnikov-nau...; /brands/; /brands/abb/; /brands/abb/levit; /brands/alb/; /brands/album/; /brands/almerich/; /brands/andromeda/; /brands/aqua-creations/; /brands/archeo-venice-design/; /brands/arcluce/; /brands/ardatovskiy-svetotekhnicheskiy-zavod/; /brands/ares/; /brands/arlight/; /brands/arte-di-murano/; /brands/arte-lamp/; /brands/astro/; /brands/axolight/; /brands/b-lux/; /brands/baga/; /brands/banci/; /brands/barovier-toso/; /brands/basalte/; /brands/beby-group/; /brands/bellart/; /brands/belyy-svet/; /brands/berker/; /brands/berliner-messinglampen/; /brands/bosch/; /brands/brand-van-egmond/; /brands/britop/; /brands/brokis/; /brands/bruck/; /brands/brumberg/; /brands/bticino/; /brands/calemide/; /brands/cangini-tucci/; /brands/carlesso/; /brands/castro-lighting/; /brands/catellani-smith/; /brands/ceilhit/; /brands/circutor/; /brands/contardi/; /brands/cremasco/; /brands/crystal-lux/; /brands/danfoss/; /brands/dekraft/; /brands/delightfull/; /brands/delta-light/; /brands/design-heure/; /brands/dks/; /brands/eaton/; /brands/eberle/; /brands/eden-design/; /brands/eglo/; /brands/egoluce/; /brands/eichholtz/; /brands/ekf/; /brands/el-torrent/; /brands/elektrokabel-kolchuginskiy-zavod/; /brands/elstead-lighting/; /brands/ensto/; /brands/esko-novyy-svet/; /brands/estiluz/; /brands/estro/; /brands/eurolampart/; /brands/euroluce-lampadari/; /brands/evi-style/; /brands/fabbian/; /brands/facon-de-venise/
z-zont.ru		
mari-land24.ru	1	Открыть
xn----7sbabmzhc0acq.xn--p1ai		
zakypochki.ru		
nsp-ru.ru		
td-ast.ru	6	www.td-ast.ru; td-ast.ru; www.td-ast.ru; Официальный сайт: td-ast.ru; td-ast.ru; www.td-ast.ru
xn--80aagvjtkc6ad.xn--p1ai	33	навигаторы в Симферополе; http://купинаавто.рф/metalloickateli; выбираем видеорегистратор в Симферополе; http://купинаавто.рф/navigatori; Prestigio GeoVision 5055; http://купинаавто.рф/navigatori; Web-сайт; купинаавто.рф/; http://купинаавто.рф/; ; redirected; http://купинаавто.рф/videoregictratori; ; redirected; ; redirected; ; redirected; ; redirected; ; redirected; ; redirected; ; redirected; ; redirected; ; redirected; Garrett Pro-Pointer; купинаавто.рф; хороший выбор тут
reklama-format.ru	2	http://www.reklama-format.ru/; www.reklama-format.ru
alfastrah-info.ru	1	Открыть
autovek2.ru	2	~img~; http://autovek2.ru
tais-prk.ru		
kiev.ua	146	visit; ; here; www.kiev.ua; KIEV.UA; www.kiev.ua; тут; kiev.ua; ' КНУ имени Тараса Шевченко '; kiev.ua; kiev.ua; kiev.ua; www.kiev.ua; kiev.ua; www.kiev.ua; www.kiev.ua/; Киевом; www.kiev.ua; ~img~; www.kiev.ua; Газета по-киевски; ; https://www.kiev.ua/; www.kiev.ua; kiev.ua; kiev.ua/sms.; ; ; Old Kiev; The Lost Churches of Kyiv; Kiev; Киев; Київ; Kiev; www.kiev.ua; ~img~; kiev . ua; kiev.ua; www.kiev.ua; Eduard E; kiev.ua; https://www.kiev.ua/; kiev.ua; kuksor@kiev.ua; Киевский навигатор; Kyiv Navigator; kiev.ua/; kiev.ua; kiev.ua; www.kiev.ua; kiev.ua; kiev.ua; mobidrive@kiev.ua; https://dilo@kiev.ua; http://kiev.ua/; kiev.ua; Information; Views; K yiv; Kyiv; http://www.kiev.ua; www.kiev.ua; kiev.ua; http://www.kiev.ua; http://Kiev.ua; Kyiv Navigator; http://www.kiev.ua/; kiev.ua; kiev.ua; https://www.kiev.ua; http://www.kiev.ua; kiev.ua; kiev.ua; Славянское Единство; http://www.kiev.ua/; http://www.kiev.ua; kiev.ua; www.uwf.kiev.ua; йх╞б-мюб╡цюрнп; http://Kiev.ua; http://www.kiev.ua/; www.kiev.ua; kiev.ua; kiev.ua; kiev.ua; http://kiev.ua/Tanks; http://www.kiev.ua:8101/; Киеву; Kiev Navigator; kiev.ua; kiev.ua; kiev.ua/index.php?option=com_k2&view=itemlist&task=user&id=439299; Kyiv; Киеве; Kiev; kiev.ua; Kyiv Navigator; РџР°РІР»Рѕ; dilo@kiev.ua; www.kiev.ua
fm-cosmetic.ru	9	êóïèòü çàêëàäêè êîêñ â ñêèäåëü; ~img~; http://fm-cosmetic.ru; ~img~; http://fm-cosmetic.ru; çàêëàäêè ìåôåäðîí â áàãðàìÿí; çàêëàäêè ñòàô â áîðæîìè; êóïèòü çàêëàäêó ìåôåäðîí â èíòà; ~img~
14otryad.ru	5	посетить вебсайт; http://www.14otryad.ru; ~img~; ~img~; ~img~
svet-ultra.ru		
tennismagia.ru	1	Открыть
artsepl.ru	1	~img~
autoforte.ru	14	http://www.autoforte.ru/Volvo/S40/II/; http://www.autoforte...series/F10_F11/; autoforte.ru; ЗАЗ Chance седан; Лада калина хэтчбек следующего поколения; форд ст; шайтан машина; Chery Bonus; Daewoo Nexia; Lada Granta; Lada Priora; Renault Sandero; http://www.autoforte.ru/Lada/Largus/I/touring5d/; ~img~
nepocedu.ru	2	{ location.href='https://www.infoskidka.ru/action/bolshie-skidki-na-kollekcii-zimnej-id465973/'; }, 100); ym(28102941,'reachGoal','pereyti-knopka')'Перейти; Открыть
xn--80aknaeamgcqd7c.xn--p1ai	14	Сайт; www.рокнроллкафе.рф; http://рокнроллкафе.рф/; Открыть; Рок-н-Ролл; http://рокнроллкафе.рф; рокнроллкафе.рф; рокнроллкафе.рф; www.рокнроллкафе.рф; Кафе Рок-Н-Ролл Россия, Нижний Новгород, Новая улица, 26 +7 (831) 433-76-... http://; http://рокнроллкафе.рф/; рокнроллкафе.рф; http://рокнроллкафе.рф; рокнроллкафе.рф
italianlook.ru		
maytoni-shop.ru	6	maytoni-shop.ru; maytoni-shop.ru; maytoni-shop.ru; maytoni-shop.ru; maytoni-shop.ru; maytoni-shop.ru
electrostrela.ru	1	http://electrostrela.ru/blog/chto-novog ... omment_962
souzv.ru	35	; souzv.ru; ; Компания Союз-Восток. Услуги по доставке грузов.; ~img~; Таможенное оформление экспортных грузов. Вопросы? Звоните!; souzv.ru; ; Таможенные грузы, доставка. Наш тел. +7-924-3277775; Полный спектр услуг в области внешнеэкономической деятельности, услуги таможенного оформления. Направления нашей деятельности&58; таможен; Услуга аутсорсинг ВЭД. Компания Союз-Восток.; ; Компания Союз-Восток. Таможенное оформление товаров.; Полный спектр услуг в области внешнеэкономической деятельности, услуги таможенного оформления. Направления нашей деятельности&58; таможен; Организация таможенного оформления. Звоните&58; +7-924-3277775&33;; Полный спектр услуг в области внешнеэкономической деятельности, услуги таможенного оформления. Направления нашей деятельности&58; таможен; ; ; Компания Союз-Восток. Прямые поставки из Китая.; Организация перевозок грузов. Детали смотрите тут!; http://souzv.ru; Таможенное оформление импорта и экспорта. Контакты: +7-994-0025420.; ; ; Организация перевозок грузов. Информация на Souzv.Ru.; Полный спектр услуг в области внешнеэкономической деятельности, услуги таможенного оформления. Направления нашей деятельности&58; таможен; Ð¢Ð°Ð¼Ð¾Ð¶ÐµÐ½Ð½Ð¾Ðµ Ð¾ÑÐ¾ÑÐ¼Ð»ÐµÐ½Ð¸Ðµ ÑÐºÑÐ¿Ð¾ÑÑÐ° Ð³ÑÑÐ·Ð°. ÐÐ°Ñ ÑÐµÐ». +7-924-3277775; Таможенное оформление экспорта груза. Наш тел. +7-924-3277775; ; ; http://souzv.ru/; http://souzv.ru/; ; souzv.ru; 
eco-klubnika.ru	1	http://eco-klubnika.ru/
abitant.com	548	abitant.com; Большой выбор мебели для детей и подростков; Официальный сайт; разработал; Купить; www.abitant.com; светильники и люстры; http://www.abitant.com/users/polina-kazakova; Элитная сантехника в Москве;  ; Abitant.com: интерьерный портал; https://www.abitant.com/; www.abitant.com; ~img~; օրիգինալից; http://www.abitant.com; http://www.abitant.com; ~img~; abitant; Ротонда; каталог российских дизайнеров интерьера; https://www.abitant.com/posts/skulptury-rut-asavy; Подробнее о технических и эстетических требованиях к проектам можно ознакомиться на странице с условиями конкурса.; "Звезда Дизайна"; "Реальный интерьер"; красивые стулья и табуреты; http://www.abitant.com/u...s/timur-nigmatov; http://www.abitant.com/catalogues/ob...sunka-ornament; http://www.abitant.com/products/barnyy-stul--248; abitant; Норман Фостер; abitant.com; ссылка на люстру; http://www.abitant.com/; http://www.abitant.com/products/statuetka-eichholtz-accessories-108916; http://www.abitant.com/projects/kvartira-v-moskve--54; http://www.abitant.com/users/emsi-interier/; https://www.abitant.com/products/bapnyy-ctyl-private-label-2019-betsy-bar/; https://www.abitant.com/products/ctol-obedennyy-elk-group-international-sterling-160-007/; https://www.abitant.com/products/ctolik-tyaletnyy-parma-frato-2020-ffu140012aaa; https://www.abitant.com/products/stul-s-podlokotnikami-francesco-molon-memorieitaliane-p365/; ~img~; https://www.abitant.com/companies/colombo-stile/; http://www.abitant.com/posts/hay-tek/; Фото; Kubric Contardi ; Pataviumart; http://www.abitant.com/catalogues/svet-ulichnyy; Скандинавский стиль; Abitant; Inna Usubyan; www.abitant.com; http://www.abitant.com; Подвесной светильник; биомиметических приемов; павильона; подвесной светильник; предметов декора; https://www.abitant.com/posts/biomorfnaya-mebel-ot-cedri-martini/; https://www.abitant.com/posts/innovatsii-ot-shtutgartskogo-universiteta; https://www.abitant.com/posts/innovatsii-v-svetodizayne; мебельный интернет магазин; http://www.abitant.com/products/svetilnik-nastennyy-beluga-colour-fabbian-catalogo-generale-d57-g13-00; Visit Website; http://www.abitant.com/posts/obzor-sovremennyh-kuhon; abitant; Abitant; http://www.abitant.com/uploads/collage_image/20349/content__iz_butylok...; http://www.abitant.com/posts/sekrety-gollivudskogo-stilya; http://www.abitant.com/projects/dizayn-kvartiry-v-zhk-losinyy-ostrov; http://www.abitant.com/users/lebetter; http://www.abitant.com/users/lebetter/; www.abitant.com; декор для дома; Источник; ПЕРЕЙТИ; www.abitant.com; ~img~; abitant.com; https://www.abitant.com/; Abitant; http://www.abitant.com/; https://www.abitant.com/users/ivanna-degtyarenko; «Ellyn» от португальского бренда Private Label; http://www.abitant.com/posts/nasledie-mazhorelya; 100 лет с начала Первой мировой войны в Великобритании; Abitant; Подробнее.; Источник; http://www.abitant.c...i-goldshteyna/; &8230;mehr; http://www.abitant.com/posts/fontan-metalmorphosis; купить стулья в интернет магазине; www.abitant.com/posts/avto-iz-metalloloma-ot-giganten-aus-stah; Советуем посмотреть: Удивительные шахматы; далее источник: www.abitant.com; abitant; вашем доме; ~img~; http://www.abitant.com
docke-sale.ru		
zexu.ru		
uniquedress.ru		
r-ik5.ru	4	~img~; r-ik5.ru; ФКУ ИК-5 УФСИН России по Рязанской области Рязанская обл., Скопинский р-н, Клекотки пос.; r-ik5.ru
tambov-mebel.ru	2	https://tambov-mebel.ru/; Открыть
dk-klintsy.ru	189	http://dk-klintsy.ru/; ДК "Ровесник"; ДК 'Ровесник'; http://dk-klintsy.ru/; МБУ 'Дом Культуры КЛИНЦЫ'.; http://dk-klintsy.ru; http://dk-klintsy.ru; народный фольклорный коллектив;   "Веселые девчата", руководитель Тамара Григорьевна Мефед. ; ...; Вокальная студия "Домисолька"; Детский фольклорный коллектив "Веселые внучата"; Духовой оркестр в ч; КЛФ ВИА 'P.S. Клинцы'; КЛФ сover band 'Кунжут'; КЛФ "Арлекин"; КЛФ "Белая ладья"; КЛФ "Благовест"; КЛФ "Ветеран"; КЛФ "Гармония"; КЛФ "Истоки"; КЛФ "Коллекционер"; КЛФ "Любопышка"; КЛФ "Молодушки"; КЛФ "Нам года - не беда!"; КЛФ "Нежность"; КЛФ "Открытые сердца"; КЛФ "Правовой клуб"; КЛФ "Своими руками"; КЛФ "Солнышко"; КЛФ "Экстрим"; КЛФ "Urban dance"; ЛФК "Сам себе режиссер"; Молодежная вокальная студия.; Народная студия 'Светофор'; Народная творческая мастерская молодёжных программ; Народный театр; Народный фольклорный коллектив 'Весёлые девчата'; Народный хор городского клуба 'Ветеран'; Самоокупаемый детский танцевальный коллектив; Студия ДПИ "Волшебные ручки"; Студия "Шоумен"; Танцевальный коллектив "Родничок"; Уголок старины; Юношеская театральная студия; dk-klintsy.ru; «Веселые девчата», руководитель Тамара Григорьевна Мефед.; «ДОМ КУЛЬТУРЫ» ГОРОДА КЛИНЦЫ  ; Ансамбль'Лейся песня'; Вокальная студия «Домисолька»; Вокально-инструментальная группа «Экспресс»; Вокально-инструментальная группа «Music blend»; Вокально-инструментальный ансамбль « P . S . Клинцы.»; ГРУППА «КУНЖУТ»; Группа «Music blend» ; Группа 'Экспресс'; Группа 'Grandmother's carpet'; ДЕТСКИЙ КЛУБ 'РОВЕСНИК'; ДОМ КУЛЬТУРЫ СЕЛА АРДОНЬ, ; Детская вокальная студия «Мастер»; Детская студия эстрадного танца; Детский образцово-художественный танцевальный коллектив «Забава»; Детский танцевальный коллектив; Детский фольклорный коллектив «Веселые внучата»; Дорожная карта МБУ ДК г. Клинцы; Драматический кружок; Духовой оркестр в ч; И заходите на наш форум.; КЛФ «Арлекин»; КЛФ «Белая ладья»; КЛФ «Благовест»; КЛФ «Ветеран»; КЛФ «В гостях у Мастерицы» ; КЛФ «Гармония»; КЛФ «Истоки»; КЛФ «Коллекционер»; КЛФ «Любопышка»; КЛФ «Молодушки»; КЛФ «Нам года - не беда!»; КЛФ «Нежность»; КЛФ «Открытые сердца»; КЛФ «Патриотический кинозал» для военнослужащих по призыву; КЛФ «Правовой клуб»; КЛФ «Своими руками»; КЛФ «Солнышко»; КЛФ «Экстрим»; КЛФ «Urban dance»; КЛФ ВИА 'P.S. Клинцы'; КЛФ городской клуб Любителей футбола; КЛФ студия «Образ»; КЛФ сover band 'Кунжут'; Клинцовская общественная организация «Ветераны боевых действий»; Клубное любительское формирование Народная; Клуб по интересам 'Живая природа'; ЛФК «Сам себе режиссер»; Любительский детско - юношеский театр 'Фантазия'; Любительский театр уличного танца 'Dance Start'; Любительский театр уличного танца 'DanceStart'); Любительском театре уличного танца 'DanceStart'; МБУ ДК города Клинцы
donavan.ru	8	donavan.ru; ~img~; Открыть; donavan.ru; Donavan.ru; donavan.ru; http://donavan.ru/; http://donavan.ru/
salonajur.ru	8	http://salonajur.ru/; salonajur.ru; http://salonajur.ru/; http://salonajur.ru/; http://salonajur.ru; salonajur.ru; salonajur.ru; salonajur.ru
nlpskills24.ru		
al-svet.ru	6	Корпоративный сайт фабр; посетить вебсайт; http://www.al-svet.ru; производство и реализация интерьерных светильников; производство и реализация интерьерных светильников; производство и реализация интерьерных светильников
strousait.ru	1	strousait.ru
kupi-ru.ru	1	~img~
maytoni-market.ru	29	Бра Maytoni Elegant Bird ARM013-01-W; Бра Maytoni House Country H102; Бра Maytoni Royal Classic Chester CL0100-01-R; Люстра ; Люстра Maytoni Elegant Bird ARM013-06-W; Люстра Maytoni Elegant Bird ARM013-33-W; Люстра Maytoni Elegant Grace ARM247-06-R; Люстра Maytoni Elegant Intreccio ARM010-08-R; Люстра Maytoni Elegant Velvet ARM219-05-G; Люстра Maytoni House Iron H104-55-R; Люстра Maytoni Royal Classic Chester CL0100-10-R ; Люстру Maytoni Elegant Bellone ARM369-03-G; Люстры Maytoni House Country H102-00-R; Настольная лампа Maytoni Elegant Grace ARM247-00-R; Настольные лампы Maytoni Elegant Brionia ARM172-22-G; Настольные лампы Maytoni Elegant Velvet ARM219-00-G; Настольные лампы Maytoni Modern Megapolis MOD906-11-N; Спот Maytoni SPOT Spot 2 ECO002-33-R; Торшер Maytoni Elegant Grace ARM247-11-R; Торшер Maytoni Elegant Triumph ARM288-11-G; абажуры; люстра Maytoni Elegant Bellona ARM386-06-W; торшер Maytoni Elegant Velvet ARM219-11-G; -01-R; Fusion Suite F005-11-N; Maytoni Elegant Brionia ARM172-05-G; ~img~; ~img~; maytoni-market.ru
texnokruto.ru	6	Источник; безлюдных; Источник; источник; http://texnokruto.ru/legenda-80-h-v-sssr-mototsikl-yava-vozvrashhaetsya-sovsem-v-drugom-vide/?utm_source=fb-texnokruto&utm_medium=fb-texnokruto-legenda-80-h-v-sssr-mototsikl-yava-vozvrashhaetsya-sovsem-v-drugom-vide&utm_campaign=fb-texnokruto-lege; Источник
zlatschool3.ru	3	http://zlatschool3.ru; ~img~; http://zlatschool3.ru/,
royalbarvlg.ru	2	royalbarvlg.ru; royalbarvlg.ru
pk-armada.ru	6	~img~; Открыть; Армада Пейнтбольный клуб Чита, ул. Генерала Белика, 20 +7 (924) 516-38-... http://pk; pk-armada.ru; https://pk-armada.ru/; http://pk-armada.ru/
spcdetal.ru		
pokupka-tut24.ru	1	Открыть
garderobchikk.ru	1	Открыть
elitmodamarket.ru	1	Открыть
ordoc.ru	1	Открыть
rovfaculty.ru	3	СКАЧАТЬ ОРИГИНАЛ ДОКУМЕНТА .pdf; http://rovfaculty.lgpu.org/; http://rovfaculty.ru
detskiyvostorg.ru		
mirbonusa.ru	1	Открыть
lamparus24.ru	1	Открыть
brvideo.net	48	brvideo.net; Навеяло; brvideo.net; ~img~; brvideo.net; ~img~; brvideo.net; brvideo.net; https://brvideo.net/MZ16Yu3L0gA-highlig ... inals.html; brvideo.net; ~img~; brvideo.net; brvideo.net; brvideo.net; brvideo.net; brvideo.net; brvideo.net; https://brvideo.net/CeLGUJLBPdU-лучшие-шутки- ...; brvideo.net; ~img~; https://brvideo.net/A1lznF1szSk-чем-заниматься-жене-успешного-мужчины-интервью-юлии-щедровой-с-бизнесменом-михаилом-христосенко.html; https://brvideo.net/8dFBIVPCyLo-%D0%BE%D0%B1%D0%B7%D0%BE%D1%80-%D0%B1%D0%BE%D0%BB%D1%8C%D1%88%D0%BE%D0%B9-%D0%BA%D0%B0%D0%B1%D0%B8%D0%BD%D1%8B-%D0%BD%D0%BE%D0%B2%D0%BE%D0%B3%D0%BE-%D1%82%D1%80%D0%B0%D0%BA%D1%82%D0%BE%D1%80%D0%B0-%D0%BC%D1%82%D0%B7-82-1-%D; https://brvideo.net/k0wclk0_9cU-%D0%BC%D0%BE%D0%B5-%D0%BC%D0%BD%D0%B5%D0%BD%D0%B8%D0%B5-%D0%BE-%D0%BC%D0%BE%D0%BF%D0%B5%D0%B4%D0%B5-%D0%B4%D0%B5%D0%BB%D1%8C%D1%82%D0%B0.html; Теология сегодня: церковность и/или гуманитарность?; Thingal mudi soodum - Tamil Devotional Songs; https://brvideo.net /6g0qx1YTiOE-thingal-mudi-soodum-tamil-devotional-songs.html; brvideo.net; ВДОЛЬ ПО ПИТЕРСКОЙ. (р.н.п.)13.01.2019 г.; Великий Курмангазы и оркестр "РУССКИЕ УЗОРЫ"; Евгений Простомолотов; Евгений Простомолотов МУЗЫКАНТЫ ШУТЯТ (2011 г.); Евгений Простомолотов и его оркестр "РУССКИЕ УЗОРЫ"; Евгений Простомолотов и его оркестр "Русские узоры"; Евгений Простомолотов "ЛЕЗГИНКА" 26.04.2016 г.; Евгений Простомолотов "ЛЕЗГИНКА". 2016 г.; Евгений Простомолотов "ПОПУРРИ" 16.02.14 г.; Евгений Простомолотов "Призвание-УЧИТЕЛЬ!" телепередача об орк. "Русские узоры"; Евгений Простомолотов - произведения. слайд-шоу; Евгений Простомолотов. МУЗЫКАЛЬНАЯ ЮМОРЕСКА; Евгенний Простомо...; Е. Простомолотов (Ф. Шопен "Вальс №7"); Е. Простомолотов (ЯМЩИК, НЕ ГОНИ ЛОШАДЕЙ"); Е. Простомолотов. Отчетный концерт оркестра "РУССКИЕ УЗОРЫ" 18.05.2014 г; Й. Брамс ВЕНГЕРСКИЙ ТАНЕЦ №5, Е. Простомолотов ЛЕЗГИНКА; Оркестр "Рус...; евгений Простомолотов "МАМИНЫ СНЫ" 07.05.2016 г..; https://brvideo.net/s/евгений+простомолотов; ~img~
kupit.pro		
villstroy.ru	11	купить смесители для кухни; купить смесители для кухни; villstroy.ru; купить смесители для кухни; купить смесители для кухни; купить смесители для кухни; купить смесители для кухни; купить смесители для кухни; купить смесители для кухни; купить смесители для кухни; купить смесители для кухни
loftmaster71.ru	1	Открыть
elephantcafe.ru	4	www.elephantcafe.ru; elephantcafe.ru; http://elephantcafe.ru; elephantcafe.ru
domovaya-mebel.ru	1	Открыть
hulahoopshop.ru	2	купить хулахуп; Открыть
kinozed.ru	10	~img~; &gt;&gt;&gt;; Интернет-магазин фильмов,телепередач, сериалов, мультфильмов в котором вы можете скачать или смотреть фильмы онлайн без регистрации.; Интернет-магазин фильмов,телепередач, сериалов, мультфильмов в котором вы можете скачать или смотреть фильмы онлайн без регистрации.; Интернет-магазин фильмов,телепередач, сериалов, мультфильмов в котором вы можете скачать или смотреть фильмы онлайн без регистрации.; Интернет-магазин фильмов,телепередач, сериалов, мультфильмов в котором вы можете скачать или смотреть фильмы онлайн без регистрации.; Интернет-магазин фильмов,телепередач, сериалов, мультфильмов в котором вы можете скачать или смотреть фильмы онлайн без регистрации.; Интернет-магазин фильмов,телепередач, сериалов, мультфильмов в котором вы можете скачать или смотреть фильмы онлайн без регистрации.; Интернет-магазин фильмов,телепередач, сериалов, мультфильмов в котором вы можете скачать или смотреть фильмы онлайн без регистрации.; Интернет-магазин фильмов,телепередач, сериалов, мультфильмов в котором вы можете скачать или смотреть фильмы онлайн без регистрации.
ruletka-bv.ru	1	http://ruletka-bv.ru/.
lustrapro.ru		
ren-shop.ru		
inoutsvet.ru	15	http://inoutsvet.ru/; http://inoutsvet.ru/ulichnoe-osveshenie/; купить светильник потолочный; Светильники brilliant; купить светильник потолочный; inoutsvet.ru; Встраиваемые светильники; Накладные светильники; мировые производители; точечных светильников;  встраиваемый светильник; http://inoutsvet.ru; inoutsvet.ru; ~img~; Светильники brilliant
domvforme.ru	18	; Бюро Бытового Ремонта: вызов на дом электрика. Срочно!; РљРѕРјРїР°РЅРёСЏ Р”РѕРјР°С€РЅРёР№ РњР°СЃС‚РµСЂ: СЃР°РЅС‚РµС…РЅРёС‡РµСЃРєРёРµ СЂР°Р±РѕС‚С‹. РћР±СЂР°С‰Р°Р№С‚РµСЃСЊ Рє РЅР°Рј!; Подключение стиральной машины автомат. Ждем Ваших заказов&33; Челябинск.; Профессиональные сотрудники бюро бытового ремонта Домашний Мастер выполнят качественно установку и ремонт розеток, выключателей и т.д. На; Высококвалифицированные сотрудники компании Домашний Мастер сделают замену электрических автоматов и установку стабилизатора и т.д. Мы р; Фирма Домашний Мастер&58; установка люстры. Без выходных&33;; Бюро Бытового Ремонта: вызов на дом электрика. Челябинск.; Фирма Домашний Мастер: сантехнические работы. Челябинск.; Компания Домашний Мастер: сантехнические работы. Срочно!; Бюро Бытового Ремонта: сантехнические работы. Подробнее на сайте!; Бюро Бытового Ремонта: установка унитаза. Срочно!; Домашний мастер Челябинск, ул. Курчатова, 19 +7 (351) 799-54-... http://domvforme.ru; Домашний Мастер в Челябинске.; http://domvforme.ru/; Подключение стиральной машины автомат. Ждем Ваших заказов! Челябинск.; ~img~; Бюро Бытового Ремонта: установка навесного унитаза. Ждем Ваших заказов!
greephone.ru	5	; http://greephone.ru; IdeaPad; Legion; Yoga
3klmn.ru	2	Открыть; 3klmn.ru
tulamod.ru	1	Открыть
lyustry-i-svetilniki.ru		
com.ua	362	com.ua; com.ua; com.ua; com.ua; com.ua; «Хостмастер»; Администратор национального домена Украины; ООО «Хостмастер»; ООО "Хостмастер"; ООО 'Хостмастер'; администратор домена UA; администратор национального домена Украины; "Хостмастер"; 'Правила домена KIEV.UA'; 'Хостмастер'; http://www.com.ua/; COM.UA; http://www.com.ua/; верхнего уровня (корневая зона); 1.3. Домен KIEV.UA является публичным доменом второго уровня, входящим в состав домена .UA; «Хостмастер»; ООО «Хостмастер»; lick@com.ua; com.ua; com.ua; com.ua; ООО 'Хостмастер'; 'Правила домена KIEV.UA '; 'Правила домена KIEV.UA'; 'Хостмастер'; com.ua; com.ua; Подробнее; 'Хостмастер'; http://www.com.ua/policy/; com.ua; http://com.ua; com.ua; com.ua; milk-and-honey@com.ua; com.ua; http://www.com.ua/; com.ua ; Kiev Vlast; http://com.ua/novosti/883-foto-festival-evolution.html; Андрей Александрович; http://www.com.ua; http://bdzilka,klasna@com.ua; kinburnelite@com.ua; com.ua; com . ua / rilcs / rccstr /; http://www.com.ua/; com.ua; com.ua; &8221;Слово жизни&8221;; com.ua; конференции в Затоке; com.ua; com.ua; http://com.ua; http://www.com.ua/?domadv; com.ua; http://www.com.ua/; www.mgu.com.ua; https://www.anmercury@com.ua; http://www.com.ua/politica/1.21.html; com.ua; http://more-tur@com.ua; Aleks; com.ua; Вебсайт; Источник новости; des@com.ua; http://www.com.ua/; com.ua; www.com.ua; admin; com.ua; COM; com.ua/cm/cm010/html; аккумуляторы для UPS; о том как подбирать аккумуляторы к УПС; lepestkiroz@com.ua; https://com.ua/; http://lpml@com.ua; Com.Ua; com.ua; fewfewf.com; Hostmaster(TM) Ltd.; ~img~; sunolta@com.ua; Вебсайт; sitel@com.ua; com.ua; Хостмастер; com.ua; com.ua; http://www.com.ua; ~img~; com.ua
smolath.ru	5	аккаунтах; МБУ «Спецавто»; на аккаунтах предприятия; на аккаунтах предприятия; http://smolath.ru
xn----7sbbaojsiumq.xn--p1ai		
sayd07.ru	9	http://sayd07.ru/blog/pomosch_v_poluchenii_rvp; http://sayd07.ru/rvp_bez_kvoty; sayd07.ru; http://sayd07.ru/rvp_bez_kvoty); http://sayd07.ru/rvp_po_kvote); . .; http://sayd07.ru/o_kompanii; Рвп по браку; sayd07.ru
shopxxxtentacion.ru		
rsu-servis.ru	6	www.rsu-servis.ru; Ссылка на документ; rsu-servis.ru; РСУ-сервис 427070, Удмуртская Республика, Шаркан г., ул. Коммунальная, 90 +7 (34136) 3-24-...; сайт застройщика; РСУ-сервис Офис продаж Ижевск, ул. Баранова, 94а +7 (341) 277-58-... http://www.rsu-servis.
sfs-shop.ru		
lima-lima.ru		
moyalustra.ru	4	http://moyalustra.ru; ~img~; http://moyalustra.ru; ~img~
ar-video.org	10	Visit; Visit Website; https://ar-video.org/7BYP-GvLlc8-мужской-экстрим-вездеходы.html; ar-video.org; ar-video.org; ar-video.org; ar-video.org/c/UCPi3_GbTljPZ6b2Laiw-Z5g; tvslavia; ~img~; https://ar-video.org/2Af9uy-Rw2E-%D1%81%D0%BD%D0%BE%D0%B2%D0%B0-%D0%B2%D0%B7%D0%BB%D0%BE%D0%BC%D0%B0%D0%BB%D0%B8-%D1%81%D0%B0%D0%B9%D1%82-market-dota2-net-%D0%BD%D0%B0-%D1%85%D0%B0%D0%BB%D1%8F%D0%B2%D1%83.html
afrodiziaki-shop.ru	75	afrodiziaki-shop.ru; Афродизиаки - Дженерики виагра, левитра, сиалис - Возбудители доставка; ~img~; Афродизиаки - Дженерики виагра, левитра, сиалис - Возбудители доставка; Магазин афродизиаков способен своим ассортимент превратить вашу интимную жизнь в море удовольствий за счет огромного количества средств ; Афродизиаки - Дженерики виагра, левитра, сиалис - Возбудители доставка; Магазин афродизиаков способен своим ассортимент превратить вашу интимную жизнь в море удовольствий за счет огромного количества средств ; Афродизиаки - Дженерики виагра, левитра, сиалис - Возбудители доставка; Магазин афродизиаков способен своим ассортимент превратить вашу интимную жизнь в море удовольствий за счет огромного количества средств ; http://afrodiziaki-shop.ru; http://afrodiziaki-shop.ru; http://afrodiziaki-shop.ru; http://afrodiziaki-shop.ru; http://afrodiziaki-shop.ru; http://afrodiziaki-shop.ru; http://afrodiziaki-shop.ru; http://afrodiziaki-shop.ru; http://afrodiziaki-shop.ru; http://afrodiziaki-shop.ru; http://afrodiziaki-shop.ru; http://afrodiziaki-shop.ru; http://afrodiziaki-shop.ru; http://afrodiziaki-shop.ru; http://afrodiziaki-shop.ru; Афродизиаки - Дженерики виагра, левитра, сиалис - Возбудители доставка; Магазин афродизиаков способен своим ассортимент превратить вашу интимную жизнь в море удовольствий за счет огромного количества средств ; http://afrodiziaki-shop.ru; http://afrodiziaki-shop.ru; http://afrodiziaki-shop.ru; http://afrodiziaki-shop.ru; http://afrodiziaki-shop.ru; http://afrodiziaki-shop.ru; http://afrodiziaki-shop.ru; http://afrodiziaki-shop.ru; http://afrodiziaki-shop.ru; http://afrodiziaki-shop.ru; http://afrodiziaki-shop.ru; http://afrodiziaki-shop.ru; http://afrodiziaki-shop.ru; http://afrodiziaki-shop.ru; http://afrodiziaki-shop.ru; http://afrodiziaki-shop.ru; http://afrodiziaki-shop.ru; http://afrodiziaki-shop.ru; http://afrodiziaki-shop.ru; http://afrodiziaki-shop.ru; http://afrodiziaki-shop.ru; http://afrodiziaki-shop.ru; http://afrodiziaki-shop.ru; http://afrodiziaki-shop.ru; http://afrodiziaki-shop.ru; http://afrodiziaki-shop.ru; http://afrodiziaki-shop.ru; http://afrodiziaki-shop.ru; http://afrodiziaki-shop.ru; http://afrodiziaki-shop.ru; http://afrodiziaki-shop.ru; http://afrodiziaki-shop.ru; http://afrodiziaki-shop.ru; http://afrodiziaki-shop.ru; http://afrodiziaki-shop.ru; http://afrodiziaki-shop.ru; http://afrodiziaki-shop.ru; http://afrodiziaki-shop.ru; http://afrodiziaki-shop.ru; http://afrodiziaki-shop.ru; http://afrodiziaki-shop.ru; http://afrodiziaki-shop.ru; http://afrodiziaki-shop.ru; http://afrodiziaki-shop.ru; http://afrodiziaki-shop.ru; http://afrodiziaki-shop.ru; http://afrodiziaki-shop.ru; http://afrodiziaki-shop.ru; http://afrodiziaki-shop.ru
sut-1.ru	30	http://sut-1.ru; sut-1.ru; http://sut-1.ru/index.php?option=com...D0%B2&Itemid=3; security pre check laguardia airport; sut-1.ru; sut-1.ru; sut-1.ru; http://sut-1.ru/index.php?option=com_k2&view=itemlist&task=user&id=32246; http://sut-1.ru/; http://sut-1.ru/; http://sut-1.ru; how to find date of divorce jewish; obtaining police report york region; public records databases com free online search texas; reverse address business lookup telus; http://sut-1.ru; www.sut-1.ru; .; Станция юных техников № 1 г. Пенза Пенза, просп. Победы, 67 +7 (8412) 96-18-... htt; Станция юных техников № 1 г. Пенза Пенза, просп. Победы, 67 +7 (8412) 96-18-... htt; http://sut-1.ru/?Google_chrome_for_windows_7_free_download_full_version_2015&option=com_k2&view=itemlist&task=user&id=32256; http://sut-1.ru/?Zhyuljetta_benconi_marianna_chitatj_onlajn&option=com_k2&view=itemlist&task=user&id=31685; Станция юных техников № 1 Пенза, Победы проспект, 85 +784129618... http://sut-1.ru; Станция юных техников № 1 Пенза, Рахманинова, 35 +784129618... http://sut-1.ru; Станция юных техников № 1 г. Пенза Пенза, просп. Победы, 67 +7 (841) 296-18-... ht; Станция юных техников № 1 г. Пенза Пенза, просп. Победы, 67 +7 (8412) 96-18-... htt; Официальный сайт: sut-1.ru; Станция юных техников № 1 г. Пенза Пенза, просп. Победы, 67 +7 (8412) 96-18-... htt; ; Станция юных техников № 1 г. Пенза Пенза, просп. Победы, 67 +7 (8412) 96-18-... htt
xn--80aaejacbb1a3acnddlki4at8psd.xn--p1ai	7	http://xn--80aaejacbb1a3acnddlki4at8psd.xn--p1ai/; Открыть; http://стеновыепанелидлядома.рф; Алмис Московская обл., Шатура г., ул. Советская, 25, корп.1 +7 (917) 527-85-... http://; стеновыепанелидлядома.рф; http://стеновыепанелидлядома.рф; http://стеновыепанелидлядома.рф
xn--80aqdccb5bkn4c.xn--p1ai	3	Открыть; слаткийкуш.рф; слаткийкуш.рф
mrkomod.ru	1	Открыть
gainmaster.ru	1	Открыть
newlyustra.ru		
idsv.ru	57	idsv.ru; https://idsv.ru/; idsv.ru; idsv.ru; Идеи Света; idsv.ru; idsv.ru; Официальный сайт: idsv.ru; https://idsv.ru; https://idsv.ru/; Вебсайт; https://idsv.ru; idsv.ru; idsv.ru; idsv.ru; idsv.ru; idsv.ru; idsv.ru; https://idsv.ru/; idsv.ru; idsv.ru; idsv.ru; idsv.ru; idsv.ru; idsv.ru; подвесной светодиодный светильник; решение; idsv.ru; https://idsv.ru/; https://idsv.ru/; idsv.ru; idsv.ru; idsv.ru; idsv.ru; idsv.ru; idsv.ru; idsv.ru; idsv.ru; ~img~; Идеи Света, сеть магазинов освещения; idsv.ru; ~img~; idsv.ru; idsv.ru; idsv.ru; Сеть магазинов освещения Идеи Света Санкт-Петербург, Науки проспект, 21 к1, 1 секция; 1 этаж; idsv.ru; idsv.ru; idsv.ru; idsv.ru; idsv.ru; idsv.ru; idsv.ru; idsv.ru; idsv.ru; idsv.ru; https://idsv.ru/
moment-zagar.ru	95	Моментальный загар в Москве; http://moment-zagar.ru/; 424651. moment-zagar.ru; Моментальный загар в Москве; Моментальный загар в Москве; Моментальный загар в Москве; 424651. moment-zagar.ru; 424651. moment-zagar.ru; 424651. moment-zagar.ru; 424651. moment-zagar.ru; 424651. moment-zagar.ru; 424651. moment-zagar.ru; 424651. moment-zagar.ru; 424651. moment-zagar.ru; 424651. moment-zagar.ru; 424651. moment-zagar.ru; 424651. moment-zagar.ru; 424651. moment-zagar.ru; 424651. moment-zagar.ru; 424651. moment-zagar.ru; 424651. moment-zagar.ru; 424651. moment-zagar.ru; 424651. moment-zagar.ru; 424651. moment-zagar.ru; 424651. moment-zagar.ru; 424651. moment-zagar.ru; 424651. moment-zagar.ru; 424651. moment-zagar.ru; 424651. moment-zagar.ru; 424651. moment-zagar.ru; 424651. moment-zagar.ru; 424651. moment-zagar.ru; 424651. moment-zagar.ru; 424651. moment-zagar.ru; 424651. moment-zagar.ru; 424651. moment-zagar.ru; 424651. moment-zagar.ru; 424651. moment-zagar.ru; 424651. moment-zagar.ru; Моментальный загар в Москве; 424651. moment-zagar.ru; 424651. moment-zagar.ru; 424651. moment-zagar.ru; 424651. moment-zagar.ru; 424651. moment-zagar.ru; 424651. moment-zagar.ru; 424651. moment-zagar.ru; 424651. moment-zagar.ru; 424651. moment-zagar.ru; 424651. moment-zagar.ru; 424651. moment-zagar.ru; 424651. moment-zagar.ru; 424651. moment-zagar.ru; 424651. moment-zagar.ru; 424651. moment-zagar.ru; 424651. moment-zagar.ru; 424651. moment-zagar.ru; 424651. moment-zagar.ru; 424651. moment-zagar.ru; 424651. moment-zagar.ru; 424651. moment-zagar.ru; 424651. moment-zagar.ru; 424651. moment-zagar.ru; 424651. moment-zagar.ru; 424651. moment-zagar.ru; 424651. moment-zagar.ru; 424651. moment-zagar.ru; 424651. moment-zagar.ru; 424651. moment-zagar.ru; 424651. moment-zagar.ru; 424651. moment-zagar.ru; 424651. moment-zagar.ru; 424651. moment-zagar.ru; 424651. moment-zagar.ru; 424651. moment-zagar.ru; 424651. moment-zagar.ru; 424651. moment-zagar.ru; 424651. moment-zagar.ru; 424651. moment-zagar.ru; 424651. moment-zagar.ru; 424651. moment-zagar.ru; 424651. moment-zagar.ru; 424651. moment-zagar.ru; 424651. moment-zagar.ru; 424651. moment-zagar.ru; 424651. moment-zagar.ru; 424651. moment-zagar.ru; 424651. moment-zagar.ru; 424651. moment-zagar.ru; 424651. moment-zagar.ru; 424651. moment-zagar.ru; 424651. moment-zagar.ru; 424651. moment-zagar.ru; 424651. moment-zagar.ru; 424651. moment-zagar.ru
hagentweb.ru	1	Открыть
li-bra.ru	1	Открыть
sfoggiarus.ru	10	культиватор; Байтек Машинери; Культиватор Sfoggia; Посевное оборудование Sfoggia; Сеялка Sfoggia; Сеялки Sfoggia; сеялка Vento Smart; Sfoggia; www.sfoggiarus.ru; завод посевной техники Sfoggia
com.au	2029	com.au; Pro Concrete Taree; com.au; COM.AU; com.au; The PBR Guestbook; com.au; com.au; Web; com.au; Australian Infant Child Adolescent and Family Mental Health Association. Improving the mental health of infants, children and adolescents in Australia. Position paper of the Austral; Подробнее; com.au; com.au; com.au; com.au; com.au; http://com.au/delivery_report.php?smsId=$messageId%5b$i%5d&smscId=%25i&stat; 'Net censorship hits NSW'; Angus Kidman's Report; Australian Personal Computer; Net censorship hits NSW; Hobsons Bay; com.au; com.au; com.au/; com.au; com.au/2014/09/that-did-not-take-long-8l90-8-speed.html; www.com.au; com.au; com.au; www.com.au; Ducon; an Australian PC Magazine 'Special Report'; pregnancy weight gain and keeping healthy; com.au/i/2004/4/86018008_small.jpg; com.au; com.au; Arts from Australia; Australian FARM RADIO; Australian Koala Pages; Rini; com.au/Range-of-Markets/Market-Information-Sheets/CFD/Forex.aspx; AAA Cool Site of the Day; AAA World Announce Archive; Abdel Majed Abdel Bary; Australian Personal Computer; Stacking up suites - Introduction; The 1996 Business Survival Guide; The multitasking money machine.; When webs collide; Will the NC take the crown?; World Wide Announce Archive; com.au; Back to RailPage; Back to pictures menu; Back to steam pictures menu; Puffing Billy page; http://www.com.au/railpage/; com.au; com.au; com.au; com.au; com.au/faq.html; Belinda Bolding; com.au/wp-content/uploads/2014/04/UBS-total-tariffs.jpg; com.au; com.au; com.au; Jessica Rae 98199636; Simon olnydn 6811; zach; AAA World, an Australian/international directory; Australian Personal Computer; Network computer: PC checkmate; com.au; coffscoastadvocate; www.com.au; Ray Smith; com.au/barter-assist; com.au; com.au/; com.au/thework/; com.au; com.au; com.au; Sonya; com.au; c_A_t; AAA Web index; com.au; com.au; AAA World Announce Archive; industry; ~img~; AAA Worldwide Announce Archive; com.au; Com.au; http://com.au; Puffy Billy Railway
raduga-istra.ru	4	Открыть; raduga-istra.ru; http://raduga-istra.ru; http://raduga-istra.ru/
entstore.ru	1	Открыть
notizbuch.ru	1	Открыть
stk-serv.ru		
potolki-alfaplus76.ru	1	http://www.potolki-alfaplus76.ru
yourlights.ru		
guardian-rzn.ru	6	~img~; www.guardian-rzn.ru; www.guardian-rzn.ru; Официальный сайт: www.guardian-rzn.ru; ~img~; www.guardian-rzn.ru
motoship.ru	3	Автохимия для мойки; Автохимия Arctik Line; http://motoship.ru/b...ziny-12809.html
lustritut.ru	1	http://lustritut.ru
vipleopizza32.ru	1	Открыть
richlifetechnology.ru	2	~img~; ~img~
vuga-engineering.ru	6	www.vuga-engineering.ru; Вуга; Открыть; http://vuga-engineering.ru/contacts; www.vuga-engineering.ru; http://vuga-engineering.ru/
vamsvet.today	2	vamsvet.today; ~img~
kalibruj.ru	8	http://kalibruj.ru/node/4049; http://kalibruj.ru/sites/kalibruj.ru/files/images/8500_1000.jpg; Голосуй за телок! Будь мужиком блеать!; Зайди проголосуй; Калибруй правильно!; красивый сайтик; сайтик с охуенными телками; ~img~
doniton.ru	3	Вакансии; Официальный сайт; Открыть
guam-new.ru		
applelnr.ru	1	Открыть
marypuf.ru		
csmarkt.ru		
tiovet.ru	1	www.tiovet.ru
detrai.ru	19	çàêëàäêè ãåðà â ìåãðàäçîð; êóïèòü çàêëàäêè ãàø â âîëüñê; 矛氓么氓盲冒卯铆 茫贸锚卯芒卯; 锚贸茂猫貌眉 矛氓貌卯盲卯铆 芒 谩卯冒氓; ~img~; ~img~; çàêëàäêè ìàðêè â ðîñòîâ; çàêëàäêè ìåòàìôåòàìèí â ìèëëåðîâå; çàêëàäêè lsd â æèòêîâè÷è; 锚贸茂猫貌眉 茫氓冒卯猫铆 芒 茂氓帽貌卯芒卯; ~img~; detrai.ru; 챗처챦챔챵체 lsd 창 채책찾챵첼챨챰챗; Г§Г ГЄГ«Г Г¤ГЄГЁ Г±ГЄ Гў ГЎГ®Г°ГЁГ±Г®Гў; Г§Г ГЄГ«Г Г¤ГЄГЁ ГёГЁГёГЄГЁ Гў ГґГ°ГїГ§ГЁГ­ГҐ; ГЄГіГЇГЁГІГј Г§Г ГЄГ«Г Г¤ГЄГі Гў ГЄГ®Г°ГЄГЁГ­Г®; ГЄГіГЇГЁГІГј Г¬ГҐГґ Гў Г¤Г¬Г Г­ГЁГ±ГЁ; êóïèòü çàêëàäêè øèøêè àê47 â èãàðêå; êóïèòü çàêëàäêó ãåðà â êîõá
magazin-lustr.com		
gyro74.ru	2	Открыть; Официальный сайт: gyro74.ru
leddelux-company.ru	3	http://leddelux-company.ru; www.leddelux-company.ru; Leddelux Уральск, Северо-Восток-2 мкр., 47 +7 (7112) 26-13-... http://www.leddelux-company.ru
skolkoetostoit.ru	1	Открыть
